book_id,title,author,genre,description,rating,year
1,The Hobbit,J.R.R. Tolkien,Fantasy,"Bilbo Baggins, a peaceful hobbit, is whisked away on an unexpected journey across Middle-earth with a wizard and dwarves to reclaim a lost kingdom and treasure guarded by the dragon Smaug.",4.8,1937
2,The Fellowship of the Ring,J.R.R. Tolkien,Fantasy,"Frodo Baggins inherits a powerful magical ring and embarks on an epic quest across Middle-earth to destroy the One Ring in Mount Doom, battling dark lords, orcs, and treacherous creatures.",4.9,1954
3,Harry Potter and the Sorcerer's Stone,J.K. Rowling,Fantasy,"An orphaned young boy discovers he is a wizard on his eleventh birthday and enrolls in Hogwarts School of Witchcraft and Wizardry, encountering magic, spells, friendships, and dark wizards.",4.7,1997
4,A Game of Thrones,George R.R. Martin,Fantasy,"In the kingdom of Westeros, noble families fight for control of the Iron Throne amidst political intrigue, dark magic, dragons, winter threats, and treacherous warfare.",4.6,1996
5,The Name of the Wind,Patrick Rothfuss,Fantasy,"The heroic life story of Kvothe, an infamous magician, musician, and scholar, recounting his adventures, arcane university education, and pursuit of legendary mythical beings.",4.5,2007
6,1984,George Orwell,Science Fiction,"A chilling dystopian story about totalitarian rule, continuous surveillance by Big Brother, mind control, loss of freedom, and rebellion in a futuristic police state.",4.7,1949
7,Brave New World,Aldous Huxley,Science Fiction,"A futuristic dystopian society where citizens are genetically engineered, conditioned from birth, and pacified by technology and mind-altering drugs at the expense of genuine emotion.",4.4,1932
8,Dune,Frank Herbert,Science Fiction,"Set on the desert planet Arrakis, young Paul Atreides must navigate politics, interstellar empire conflicts, giant sandworms, and control of the universe's most precious spice resource.",4.7,1965
9,Neuromancer,William Gibson,Science Fiction,"A seminal cyberpunk sci-fi thriller following Case, a washed-up computer hacker hired by a mysterious employer to pull off the ultimate cyber heist against a powerful artificial intelligence.",4.3,1984
10,Foundation,Isaac Asimov,Science Fiction,Psychohistorian Hari Seldon foresees the inevitable collapse of the Galactic Empire and creates a foundation of scientists to preserve human knowledge and rebuild civilization across galaxies.,4.5,1951
11,The Hound of the Baskervilles,Arthur Conan Doyle,Mystery,"Brilliant detective Sherlock Holmes and Dr. Watson investigate the legendary curse of a demonic, supernatural hound terrorizing an aristocratic family on the eerie Devon moors.",4.6,1902
12,And Then There Were None,Agatha Christie,Mystery,"Ten strangers are lured to an isolated island mansion by an unknown host, only to be accused of past crimes and murdered one by one according to a sinister nursery rhyme.",4.8,1939
13,The Murder of Roger Ackroyd,Agatha Christie,Mystery,"Famous Belgian detective Hercule Poirot investigates the cunning murder of a wealthy country squire, uncovering buried secrets, blackmail, and an astonishing twist ending.",4.7,1926
14,The Girl with the Dragon Tattoo,Stieg Larsson,Mystery,Disgraced journalist Mikael Blomkvist and genius hacker Lisbeth Salander team up to investigate the mysterious 40-year-old disappearance of a wealthy industrialist's niece.,4.4,2005
15,Gone Girl,Gillian Flynn,Thriller,"On their fifth wedding anniversary, Amy Dunne suddenly vanishes, leaving behind signs of violence and suspicion pointing squarely toward her husband Nick in a maze of deception.",4.3,2012
16,The Da Vinci Code,Dan Brown,Thriller,"Symbologist Robert Langdon investigates a murder at the Louvre Museum, uncovering hidden symbols, secret societies, religious conspiracies, and ancient historical secrets.",4.2,2003
17,The Silent Patient,Alex Michaelides,Thriller,Alicia Berenson shoots her husband five times in the face and never speaks another word; a psychotherapist becomes obsessed with uncovering her motive and dark psychological secrets.,4.5,2019
18,Angels and Demons,Dan Brown,Thriller,Robert Langdon races through Rome and the Vatican to stop a secret brotherhood from using antimatter weapons to destroy the Catholic Church during a papal conclave.,4.3,2000
19,To Kill a Mockingbird,Harper Lee,Fiction,"In the racially divided American South, lawyer Atticus Finch defends a wrongly accused black man, seen through the innocent eyes of his young daughter Scout.",4.8,1960
20,The Great Gatsby,F. Scott Fitzgerald,Fiction,"Narrator Nick Carraway observes the glamorous lifestyle, romantic obsession, and tragic downfall of millionaire Jay Gatsby in the roaring twenties of Long Island.",4.4,1925
21,The Catcher in the Rye,J.D. Salinger,Fiction,"Teenager Holden Caulfield wanders New York City after being expelled from prep school, wrestling with alienation, teenage angst, phoniness, and growing up.",4.0,1951
22,The Alchemist,Paulo Coelho,Fiction,"A mystical philosophical fable about Santiago, an Andalusian shepherd boy who journeys across the desert to the Egyptian pyramids in search of treasure and his true destiny.",4.6,1988
23,Pride and Prejudice,Jane Austen,Romance,"Spirited Elizabeth Bennet and proud aristocratic Mr. Darcy overcome societal expectations, class prejudice, and initial misunderstandings to discover true love.",4.7,1813
24,Jane Eyre,Charlotte Bronte,Romance,"An orphaned governess Jane Eyre falls in love with the brooding, enigmatic Mr. Rochester at Thornfield Hall, uncovering a dark secret concealed in the attic.",4.5,1847
25,The Fault in Our Stars,John Green,Romance,"Two teenage cancer patients Hazel and Augustus meet in a support group, embarking on a poignant, humorous, and heartbreaking love journey to Amsterdam.",4.3,2012
26,The Notebook,Nicholas Sparks,Romance,"A timeless passionate love story between Noah Calhoun and Allie Nelson, separated by social class and war, remembered through the pages of an old notebook.",4.2,1996
27,Treasure Island,Robert Louis Stevenson,Adventure,"Young Jim Hawkins embarks on a perilous high-seas sailing voyage in search of buried pirate treasure, facing mutinous buccaneers and the cunning Long John Silver.",4.5,1883
28,Life of Pi,Yann Martel,Adventure,"After a devastating shipwreck in the Pacific Ocean, young Indian boy Pi Patel survives for 227 days stranded on a lifeboat alongside a fearsome Bengal tiger named Richard Parker.",4.4,2001
29,The Call of the Wild,Jack London,Adventure,"Buck, a domesticated dog stolen from his sunny California home, must survive the brutal conditions, harsh sled trails, and wilderness during the 1890s Klondike Gold Rush.",4.3,1903
30,The Book Thief,Markus Zusak,Historical Fiction,"Narrated by Death, young Liesel Meminger steals books and shares them with her foster family and a hidden Jewish fist-fighter in Nazi Germany during World War II.",4.7,2005
31,All the Light We Cannot See,Anthony Doerr,Historical Fiction,"A blind French girl and a gifted German orphan boy cross paths in occupied Saint-Malo, France, trying to survive the physical devastation and moral turmoil of World War II.",4.6,2014
32,The Kite Runner,Khaled Hosseini,Historical Fiction,"Amir seeks redemption for past betrayal of his childhood friend Hassan in war-torn Afghanistan, tracing decades of political upheaval, guilt, and family loyalty.",4.7,2003
33,Atomic Habits,James Clear,Self-Help,"A practical comprehensive framework for building good habits, breaking bad ones, and mastering the tiny continuous behaviors that lead to remarkable personal success.",4.9,2018
34,The 7 Habits of Highly Effective People,Stephen R. Covey,Self-Help,"A principle-centered guide for personal productivity, leadership, professional growth, character building, time management, and proactive decision making.",4.7,1989
35,Deep Work,Cal Newport,Self-Help,"Rules for focused success in a distracted world, teaching how to cultivate deep concentration, master cognitive skills, eliminate distractions, and boost output.",4.6,2016
36,The Subtle Art of Not Giving a F*ck,Mark Manson,Self-Help,"A refreshingly blunt approach to living a good life by accepting human limitations, embracing struggle, and choosing what truly matters instead of constant positivity.",4.3,2016
37,"Thinking, Fast and Slow",Daniel Kahneman,Psychology,Nobel laureate Daniel Kahneman explains the two systems driving human thought: fast intuitive emotional thinking versus slow deliberate logical reasoning and cognitive biases.,4.6,2011
38,Quiet: The Power of Introverts,Susan Cain,Psychology,"An insightful exploration of how introverted people think, work, and thrive in an extrovert-dominated culture, highlighting the hidden strengths of quiet personalities.",4.5,2012
39,Man's Search for Meaning,Viktor E. Frankl,Psychology,"Psychiatrist Viktor Frankl chronicles his survival in Nazi concentration camps and introduces logotherapy, emphasizing finding purposeful meaning through human suffering.",4.8,1946
40,Influence: The Psychology of Persuasion,Robert B. Cialdini,Psychology,"Examines the key psychological principles of persuasion, social proof, reciprocation, authority, liking, and scarcity that lead people to say yes in everyday life.",4.6,1984
41,The Lean Startup,Eric Ries,Business,"How modern entrepreneurs use continuous innovation, validated learning, and rapid experimentation to build successful businesses and sustainable startup products.",4.5,2011
42,Zero to One,Peter Thiel,Business,Notes on startups and how to build the future by creating innovative monopolies from zero to one rather than copying existing competitive ideas.,4.5,2014
43,Good to Great,Jim Collins,Business,"A management study uncovering the disciplined leadership, culture, and core strategies that enable good companies to achieve sustained greatness over decades.",4.6,2001
44,Rich Dad Poor Dad,Robert T. Kiyosaki,Business,"Personal finance wisdom contrasting two father figures, teaching financial literacy, investing, assets versus liabilities, and building wealth independence.",4.4,1997
45,Clean Code,Robert C. Martin,Technology,"A handbook of agile software craftsmanship teaching software developers best practices, readable design, refactoring techniques, and writing maintainable code.",4.7,2008
46,The Pragmatic Programmer,"Andrew Hunt, David Thomas",Technology,"Timeless practical career and coding advice for modern software engineers, covering software architecture, developer tools, debugging, and continuous learning.",4.8,1999
47,Artificial Intelligence: A Modern Approach,"Stuart Russell, Peter Norvig",Technology,"The definitive comprehensive university textbook covering intelligent agents, machine learning algorithms, robotics, neural networks, and modern AI concepts.",4.7,1995
48,Algorithms to Live By,"Brian Christian, Tom Griffiths",Technology,"How computer science algorithms, sorting, caching, probability, and decision-making principles can be applied to solve everyday human problems and time management.",4.5,2016
49,Steve Jobs,Walter Isaacson,Biography,"The riveting definitive biography of Apple co-founder Steve Jobs, chronicling his creative genius, relentless perfectionism, tech revolutions, and flawed personality.",4.6,2011
50,Elon Musk,Walter Isaacson,Biography,"An intimate inside look into the ambitious, tumultuous life of tech entrepreneur Elon Musk, driving revolutions in electric vehicles, space travel, and artificial intelligence.",4.5,2023
51,The Diary of a Young Girl,Anne Frank,Biography,The poignant authentic diary of Jewish teenager Anne Frank hiding from Nazi persecution in a secret Amsterdam annex during World War II.,4.8,1947
52,Shoe Dog,Phil Knight,Biography,"A candid memoir by Nike founder Phil Knight detailing the harrowing early startup struggles, risks, perseverance, and triumph of building a global footwear brand.",4.7,2016
53,Meditations,Marcus Aurelius,Philosophy,"Private personal reflections of Roman Emperor Marcus Aurelius offering timeless Stoic philosophy on self-discipline, resilience, virtue, morality, and inner peace.",4.7,180
54,The Republic,Plato,Philosophy,"Plato's influential philosophical Socratic dialogue exploring justice, the ideal city-state society, philosopher kings, and the nature of human knowledge.",4.3,-375
55,Letters from a Stoic,Seneca,Philosophy,"A collection of 124 moral letters from Seneca the Younger providing practical wisdom on living simply, overcoming fear of death, and cultivating inner tranquility.",4.6,65
56,Beyond Good and Evil,Friedrich Nietzsche,Philosophy,"Nietzsche critiques traditional Western morality, truth, religion, and dogmatic philosophy, advocating for independent free thinkers and will to power.",4.2,1886
57,The Hunger Games,Suzanne Collins,Young Adult,"In a post-apocalyptic nation of Panem, sixteen-year-old Katniss Everdeen volunteers to take her sister's place in a televised fight-to-the-death tournament.",4.6,2008
58,Divergent,Veronica Roth,Young Adult,"In a dystopian society divided into factions based on personality traits, Beatrice Prior discovers she is Divergent and uncovers a plot to destroy the faction system.",4.2,2011
59,The Maze Runner,James Dashner,Young Adult,Thomas wakes up with no memories in a giant enclosed Glade surrounded by an ever-changing lethal stone maze filled with biomechanical monsters.,4.3,2009
60,Percy Jackson & the Olympians: The Lightning Thief,Rick Riordan,Young Adult,"Twelve-year-old Percy Jackson discovers he is the demigod son of Poseidon and is accused of stealing Zeus's master lightning bolt, launching an adventure across America.",4.6,2005
